Zone,Population_2017,Croissance_demo,Proteines_totales,Kcal_totales,Volaille_kg_hab,Taux_dependance_import,Ratio_proteines_animales,Code zone,ISO3,PIB_par_hab_2017,Stabilite_politique_2017
Afghanistan,36296.113,74.66888880836254,54.09,1997.0,1.53,0.30087852566219697,0.19504529487890554,2,AFG,525.469770891619,-2.61393089999999
Afrique du Sud,57009.756,26.779323509216884,83.36,2987.0,35.69,0.13494913225613406,0.40870921305182345,202,ZAF,6618.33508255701,-0.3828321
Albanie,2884.169,-7.831734384322345,119.5,3400.0,16.36,0.18118466898954705,0.5520502092050209,3,ALB,5006.36012951959,0.1638298
Algérie,41389.189,33.331858997910416,92.85,3345.0,6.38,0.43465226496197507,0.2758212170166936,4,DZA,4554.66753957828,-0.929504599999999
Allemagne,82658.409,1.5448567252625123,104.07000000000001,3559.0,19.47,0.3803726566072245,0.5883539925050447,79,DEU,45553.9341495339,0.7022243
Angola,29816.766,81.85974872454119,54.09,2266.0,10.56,0.12893511331884508,0.2771307080791274,7,AGO,2790.71886869768,-0.537214499999999
Antigua-et-Barbuda,95.426,25.53409808461376,81.15,2429.0,54.1,0.8452380952380952,0.6478126925446703,8,ATG,16965.7288273816,0.614623
Arabie saoudite,33101.179,60.1888816131636,87.51,3194.0,43.36,0.8151714347436966,0.4180093703576734,194,SAU,23929.2907135982,-0.667506399999999
Argentine,43937.14,19.165180824591577,102.66,3239.0,42.24,0.024511008630535035,0.6335476329631794,9,ARG,14532.5009308511,0.2394066
Arménie,2944.791,-4.0656882301257635,97.33,3072.0,16.06,0.19301848049281314,0.4549470872290147,1,ARM,3869.05373867752,-0.3015882
Australie,24584.62,29.451119296908164,108.01,3307.0,47.65,0.08263497645050756,0.6496620683270068,10,AUS,54117.547718609,0.7831479
Autriche,8819.901,9.3022595831398,108.11,3694.0,18.2,0.4939075192668194,0.5912496531310701,11,AUT,47163.7425775142,0.9266955
Azerbaïdjan,9845.32,21.206868469645894,92.3,3102.0,13.11,0.2135612171551793,0.3251354279523294,52,AZE,4147.1981423222,-0.455635299999999
Bahamas,381.755,28.083784318791082,61.370000000000005,2043.0,43.17,0.5467836257309941,0.6708489489978817,12,BHS,31875.4881749619,0.8186672
Bangladesh,159685.424,25.088601285746186,60.22,2596.0,1.5,0.17477052240610522,0.19578213218199933,16,BGD,1811.08221668646,-1.3289506
Barbade,286.232,5.420326685450175,88.74,2896.0,46.78,0.5872235872235873,0.5578093306288032,14,BRB,20284.5762052461,0.8399905
Belgique,11419.748,11.065078277807514,101.35000000000001,3770.0,12.65,1.207287172961733,0.5470152935372472,255,BEL,44035.3239358548,0.3647602
Belize,375.769,51.939429472535025,67.11,2694.0,25.69,0.047991653625456446,0.3731187602443749,23,BLZ,6071.85451846453,0.0274572
Bolivie (État plurinational de),11192.855,32.95918255830419,68.4,2354.0,36.0,0.0405467291365766,0.4533625730994152,19,BOL,4048.40119739839,-0.2207409
Bosnie-Herzégovine,3351.525,-10.654018899673058,94.58,3266.0,16.7,0.4166975194372455,0.36455910340452524,80,BIH,5345.01978766473,-0.3110983
Botswana,2205.08,34.18331270453845,65.09,2338.0,3.39,0.6523876404494382,0.4051313565831925,20,BWA,7104.96401088027,1.0166207
Brésil,207833.823,18.904639123649517,90.87,3250.0,48.03,0.016261030982512487,0.5735666336524705,21,BRA,10080.5078722821,-0.602133799999999
Bulgarie,7102.444,-11.196771875617735,83.19,2827.0,22.06,0.30450225592781033,0.49392955884120693,27,BGR,8696.68930427924,0.4061393
Burkina Faso,19193.234,65.34570899820142,76.08,2720.0,2.27,0.07414560416491729,0.143664563617245,233,BFA,709.091535894695,-0.855665599999999
Bélarus,9450.231,-4.268807832382729,94.08,3289.0,27.98,0.13300237873616713,0.5336947278911565,57,BLR,5785.54491935194,0.0265511
Bénin,11175.198,62.76256559360823,64.45,2754.0,14.4,0.22764774185662776,0.21598138091543834,53,BEN,1054.97408066814,0.3155886
Cabo Verde,537.498,25.528506170186944,69.33,2512.0,17.62,0.6616161616161617,0.359584595413241,35,CPV,3893.09571382506,0.7203252
Cambodge,16009.409,31.707891551947277,65.38,2468.0,2.34,0.061033439620636086,0.292903028449067,115,KHM,1826.35391688754,-0.153852799999999
Cameroun,24566.073,58.348331130476495,69.49,2652.0,3.16,0.07407407407407407,0.14836667146351995,32,CMR,1496.08951771242,-1.1934513
Canada,36732.095,20.085115319760444,101.33,3492.0,39.02,0.23578706215711098,0.485048850291128,33,CAN,45129.628116623,1.0192144
Chili,18470.439,20.388567516338593,88.57000000000001,3007.0,36.36,0.29803142953700573,0.5085243310375973,40,CHL,14879.9086227187,0.5894191
Chine - RAS de Hong-Kong,7306.322,10.595827303129255,137.88,3353.0,53.51,1.5204097714736013,0.720626631853786,96,HKG,46160.429791493,0.6833963
Chine - RAS de Macao,622.585,45.537914171236764,100.36999999999999,2999.0,34.47,1.098876404494382,0.6660356680282953,128,MAC,77570.9876166977,1.3135357
"Chine, continentale",1421021.791,10.109716683636236,101.44,3197.0,12.33,0.08938263501725333,0.38328075709779186,41,CHN,8979.67652709856,-0.203288
Chypre,1179.678,25.059949750341904,80.2,2612.0,25.08,0.73694646397885,0.5514962593516209,50,CYP,26247.44921875,0.6738103
Colombie,48909.839,23.41629698010354,72.31,3092.0,31.99,0.12140861293005993,0.5130687318489835,44,COL,6479.53231292429,-0.779948499999999
Congo,5110.695,63.41616116333925,55.63,2305.0,21.53,0.17656726931204508,0.4274671939600935,46,COG,2211.63309874797,-0.7695685
Costa Rica,4949.954,24.92401016360907,81.15,3013.0,26.52,0.25548004211735426,0.559211337030191,48,CRI,12317.0902771304,0.7405908
Croatie,4182.857,-5.537801414836014,90.17999999999999,3079.0,10.77,0.3505658436213992,0.5850521179862498,98,HRV,13901.7878144679,0.6251591
Cuba,11339.254,1.9127788517970323,88.4,3409.0,23.72,0.13642995384844425,0.3670814479638008,49,CUB,8610.60829605429,0.5729674
Côte d'Ivoire,24437.47,48.513904990365035,59.11,2726.0,2.53,0.161364792424776,0.23007951277279648,107,CIV,1964.29930338343,-1.0411412
Danemark,5732.274,7.321958348638898,112.92,3383.0,28.98,0.35794718485301447,0.6302692171448814,54,DNK,57521.5514992225,0.9149035
Djibouti,944.099,31.566339271778652,66.43,2677.0,2.68,1.111358574610245,0.1905765467409303,72,DJI,2618.95521147369,-0.7552217
Dominique,71.458,2.59583632447953,78.96,2945.0,35.19,0.174496644295302,0.5335612968591692,55,DMA,8224.64896571414,1.1093885
El Salvador,6388.126,8.495167067033346,74.7,2660.0,20.43,0.21633888048411498,0.3465863453815261,60,SLV,4020.12671373919,-0.3360373
Espagne,46647.428,14.26260645685703,106.99,3270.0,30.39,0.42250015239875643,0.5901486120198149,203,ESP,28381.3425596906,0.280621
Estonie,1319.39,-5.698042758549707,107.28999999999999,3241.0,21.26,0.46985550572994517,0.5589523720756827,63,EST,20851.5223496861,0.8425161
Eswatini,1124.805,11.872473108654475,61.22,2406.0,6.46,0.06568483063328424,0.29091800065338125,209,SWZ,3853.09956569679,-0.380332699999999
Fidji,877.459,8.193897455752483,73.88,2941.0,28.02,0.15900621118012423,0.41134271792095295,66,FJI,5826.84814459328,0.3819841
Finlande,5511.371,6.233998990738939,117.77000000000001,3337.0,18.76,0.2961394524325389,0.6178143839687527,67,FIN,46085.0174739036,1.1388152
France,64842.509,9.874444667513547,112.08,3556.0,22.9,0.20538021655696892,0.591541755888651,68,FRA,38687.1626407164,0.229972
Fédération de Russie,145530.082,-0.5975353161498944,101.86999999999999,3362.0,30.98,0.08010504264851807,0.5209580838323353,185,RUS,10658.9130859375,-0.5386198
Gabon,2064.823,68.0959165065616,79.31,2640.0,29.33,0.22966934763181412,0.466397679989913,74,GAB,6921.73373135624,-0.4524644
Gambie,2213.889,68.01122863042735,63.48,2542.0,3.53,0.5318777292576419,0.24527410207939507,75,GMB,642.522641296331,-0.196953699999999
Ghana,29121.465,51.05390589566103,62.949999999999996,3034.0,7.24,0.0980674873030903,0.23669579030976964,81,GHA,2012.28662641265,0.0663948999999999
Grenade,110.874,7.819474293271613,70.57,2404.0,45.7,0.5402298850574713,0.5828255632705115,86,GRD,9751.42661155932,0.9134729
Grèce,10569.45,-4.625962723324006,105.13,3353.0,15.32,0.37492228970398356,0.5252544468752972,84,GRC,18631.9930129293,0.00694
Guatemala,16914.97,45.183616186538494,69.83,2551.0,20.58,0.07278131826063458,0.307747386510096,89,GTM,4324.99768915601,-0.700759599999999
Guinée,12067.519,46.437500075842806,61.78,2793.0,4.08,0.14708849151765246,0.17805114923923598,90,GIN,833.598621691121,-0.800407099999999
Guinée-Bissau,1828.145,52.180427719613995,44.13,2252.0,2.16,0.25994180407371487,0.20938137321549966,175,GNB,783.123186602022,-0.582037399999999
Guyana,775.222,3.8176546607474,87.58,2882.0,38.34,0.0804369414101291,0.4382279059145923,91,GUY,6178.6650437298,-0.0051392
Géorgie,4008.716,-8.103068483767432,76.89,2871.0,15.27,0.48078175895765474,0.3644166991806477,73,GEO,4418.75206546679,-0.1125587
Haïti,10982.366,29.75682571174244,49.910000000000004,2163.0,8.91,0.2278579789309403,0.19835704267681825,93,HTI,1395.23945184461,-0.834199999999999
Honduras,9429.013,43.417751804735545,64.04,2552.0,21.73,0.14030458383594693,0.34790755777638976,95,HND,2413.0076562942,-0.9065696
Hongrie,9729.823,-4.800975137534755,87.76,3289.0,25.27,0.22900547805952448,0.5623290793072014,97,HUN,14736.1668157258,0.7324048
Inde,1338676.785,26.699580192537635,65.7,2515.0,2.22,0.028669742244042833,0.22161339421613394,100,IND,1950.10468280866,-0.572111399999999
Indonésie,264650.963,25.122301344815646,68.63,2894.0,7.19,0.058888011728882375,0.2962261401719365,101,IDN,3798.88326174526,-0.5816146
Iran (République islamique d'),80673.883,22.934619134743166,87.59,3116.0,27.52,0.16826281048494793,0.28599155154698025,102,IRN,6000.93346404409,-0.699442999999999
Iraq,37552.781,59.81549167712343,60.540000000000006,2505.0,14.95,0.6239678769369981,0.22068054179055166,103,IRQ,4759.2846435467,-2.1677252
Irlande,4753.279,25.64497979568625,105.81,3714.0,25.82,0.6717685570202601,0.5552405254701824,104,IRL,72161.4047531385,0.9418026
Islande,334.393,19.240822293936198,141.34,3629.0,29.95,0.550185873605948,0.6765954436111504,99,ISL,72976.3729990975,1.2503574
Israël,8243.848,38.64644001379091,122.62,3507.0,67.39,0.5541624874623872,0.5848148752242701,105,ISR,41138.470964272,-0.4501475
Italie,60673.701,7.0230552793367735,106.69,3522.0,18.88,0.44246899878342905,0.516168338176024,106,ITA,32844.115660604,0.2543499
Jamaïque,2920.848,10.025498163446652,72.83,2754.0,51.1,0.3177004538577912,0.4921049018261706,109,JAM,5605.43541173019,0.1291365
Japon,127502.725,-0.016819556110195425,86.52,2699.0,18.5,0.45789661253917924,0.5182616736014795,110,JPN,38834.0529341227,1.169376
Jordanie,9785.843,91.0367276246156,69.08,2716.0,28.07,0.6379213483146068,0.3471337579617835,112,JOR,4065.61628749384,-0.444359699999999
Kazakhstan,18080.019,21.157672405410846,94.97,3195.0,18.27,0.10151253122512284,0.5784984732020638,108,KAZ,8943.08416791984,-0.0563947
Kenya,50221.142,57.11508843998683,60.87,2125.0,0.67,0.23220997642861693,0.2520124856251027,114,KEN,1667.48447230835,-1.1322093
Kirghizistan,6189.733,25.789377634781303,85.28,2796.0,3.1,0.10854154561301568,0.4034943714821763,113,KGZ,1221.39046807082,-0.2975366
Kiribati,114.158,35.26470448836438,73.89999999999999,3056.0,17.98,0.09863945578231292,0.44884979702300404,83,KIR,1853.05122713319,0.9519508
Koweït,4056.099,98.33032047461204,99.69,3445.0,46.25,0.9551162169382847,0.46995686628548505,118,KWT,29047.6536135703,0.0018547
Lesotho,2091.534,2.889112772308595,63.95,2277.0,7.93,0.5372460496613995,0.19061767005473024,122,LSO,1069.36673247542,-0.2021614
Lettonie,1951.097,-18.164312522125165,97.27,3170.0,20.89,0.7950015817779184,0.5629690552071553,119,LVA,15132.4958333982,0.6631827
Liban,6819.373,77.45945771522581,67.55,2877.0,10.74,0.5532498713771222,0.29637305699481864,121,LBN,8608.21084982387,-1.3393518
Libéria,4702.226,65.07981868071683,39.91,2127.0,10.67,0.27141083988415393,0.2390378351290404,123,LBR,699.269095727404,-0.2701752
Lituanie,2845.414,-18.74515076221379,125.06,3419.0,28.19,0.4538006372325899,0.6123460738845354,126,LTU,16800.1510246099,0.8922634
Luxembourg,591.91,35.727110338612654,105.79,3334.0,18.33,1.1109660574412532,0.6159372341431136,256,LUX,110193.213797228,1.2715421
Macédoine du Nord,2081.996,2.3184863125418103,80.53,2996.0,19.73,0.28879462707670556,0.4029554203402459,154,MKD,5955.2973863451,-0.249481799999999
Madagascar,25570.512,62.17940399596468,42.94,1901.0,2.87,0.10008297695793707,0.21285514671634842,129,MDG,491.866848718929,-0.535016199999999
Malaisie,31104.646,34.10494675470742,78.87,2902.0,39.21,0.13871884399703743,0.509065550906555,131,MYS,9862.54806612235,-0.011848
Malawi,17670.196,58.494748921808146,67.98,2646.0,5.17,0.009879211206730213,0.16666666666666666,130,MWI,495.769683367165,-0.313000899999999
Maldives,496.402,77.66841566510854,81.63,2253.0,13.5,0.8515151515151516,0.6001470047776554,132,MDV,10509.628805812,-0.0431782999999999
Mali,18512.43,69.11819316682266,84.74,2923.0,2.83,0.08448352626892253,0.26905829596412556,133,MLI,924.057531692284,-1.71864139999999
Malte,437.933,11.2507462307409,116.32000000000001,3460.0,27.17,0.7855822550831792,0.5647352132049518,134,MLT,30317.2443175543,1.082828
Maroc,35581.255,23.573146036670053,98.03,3378.0,20.96,0.2410047175825577,0.27583392838926857,143,MAR,3296.52661132813,-0.5065227
Maurice,1264.499,6.695720776782592,88.41,3125.0,37.93,0.20557491289198607,0.42744033480375526,137,MUS,10986.7034093005,1.0144918
Mauritanie,4282.57,62.821803051380876,79.82000000000001,2842.0,5.14,0.7537666810159277,0.36807817589576547,136,MRT,1615.00401327323,-0.7637873
Mexique,124777.324,26.165338277324896,93.3,3258.0,32.52,0.224977722734893,0.4652733118971061,138,MEX,9649.27816772402,-1.0455954
Mongolie,3113.786,29.88081344179446,82.35,2369.0,2.77,0.20152453549309196,0.6796599878567092,141,MNG,3645.96708669551,0.716039
Mozambique,28649.018,61.74986493564478,51.18,2301.0,3.59,0.1288675950387319,0.1754591637358343,144,MOZ,470.93856305196,-1.06530219999999
Myanmar,53382.523,14.26126849570377,93.35,2701.0,30.37,0.05579815623483746,0.47680771290840923,28,MMR,1272.82241815234,-1.24136
Namibie,2402.633,33.88341837687113,62.0,2429.0,11.53,0.5385996409335727,0.35758064516129034,147,NAM,5143.96072323076,0.6294292
Nicaragua,6384.846,25.95118617908343,66.0,2627.0,21.59,0.09768592121533298,0.3322727272727273,157,NIC,2182.61380995674,-0.181501599999999
Niger,21602.382,90.63913282172962,81.86,2575.0,0.94,0.07739417188236086,0.15184461275348154,158,NER,521.804130023434,-1.0412801
Nigéria,190873.244,56.090312825446695,55.9,2460.0,1.01,0.04685523935878285,0.11985688729874777,159,NGA,1876.34027111773,-1.90978539999999
Norvège,5296.326,17.71269158528299,109.98,3384.0,19.05,0.5203318652053672,0.5242771412984178,162,NOR,76131.8384032764,1.0956942
Nouvelle-Zélande,4702.034,21.84595020625815,90.8,3153.0,34.79,0.4254551700446582,0.5406387665198238,156,NZL,42950.3841711138,1.4924848
Népal,27632.681,15.41938113980513,73.58,2864.0,1.99,0.11860506920726227,0.1716499048654526,149,NPL,1034.28374906846,-0.5502541
Oman,4665.928,105.73119697633085,85.04,2924.0,21.63,0.8257251545411317,0.45790216368767633,221,OMN,17820.0661809335,0.5468563
Ouganda,41166.588,74.06464528038107,52.32,2143.0,1.52,0.059878615264639064,0.2069954128440367,226,UGA,765.218332297361,-0.6855171
Ouzbékistan,31959.785,29.026415268013196,93.52,3020.0,1.96,0.13333333333333333,0.4003421727972626,235,UZB,2190.60411562888,-0.2138791
Pakistan,207906.209,46.0594232076982,66.25,2325.0,5.86,0.04454020033320307,0.4194716981132076,165,PAK,1519.23459514248,-2.2184098
Panama,4106.769,35.52226029657516,79.42,2839.0,33.82,0.2540814709145665,0.5274490052883405,166,PAN,15694.6297518495,0.457992
Paraguay,6867.061,29.00247426313603,71.85,2741.0,5.99,0.030986458483928486,0.4649965205288796,169,PRY,6152.2671153779,-0.0283019999999999
Pays-Bas,17021.347,6.876466609586684,104.43,3251.0,20.33,1.189263237308662,0.6275974336876377,150,NLD,49513.6817346384,0.7820237
Philippines,105172.925,34.851337811285305,62.660000000000004,2666.0,13.87,0.12806412371477613,0.3914778167890201,171,PHL,3038.12124959289,-1.2792545
Pologne,37953.18,-1.5652613153311643,103.02,3526.0,30.3,0.16418447955390333,0.5220345563968162,173,POL,13913.3402919927,0.6020499
Portugal,10288.527,-0.08337289135049836,114.41,3494.0,30.58,0.6448119814675143,0.5669084870203653,174,PRT,21442.3842768879,1.054818
Pérou,31444.298,18.837356571880875,78.38,2767.0,13.47,0.18659593958373277,0.3646338351620312,170,PER,6736.16693725487,-0.2242779
Roumanie,19653.969,-11.218335796056444,106.62,3525.0,19.37,0.21935816121862634,0.4887450759707372,183,ROU,10727.9822007426,0.1382404
Royaume-Uni de Grande-Bretagne et d'Irlande du Nord,66727.461,13.244592220711832,103.87,3428.0,31.94,0.4018732095098153,0.5428901511504766,229,GBR,40916.8115070354,0.4406625
Rwanda,11980.961,51.01389884468508,59.2,2210.0,1.49,0.06768486979452808,0.14746621621621622,184,RWA,758.300966509647,0.094453
République centrafricaine,4596.023,26.249558087554014,46.4,1754.0,2.29,0.016999260901699925,0.4353448275862069,37,CAF,432.324025684263,-1.82651039999999
République de Corée,51096.415,7.845575238320087,96.97,3370.0,16.7,0.4816478418386584,0.42074868516035885,117,KOR,33296.9845439195,0.6254761
République de Moldova,4059.684,-3.401989883545131,63.32,2397.0,16.14,0.10679089768858628,0.47915350600126344,146,MDA,3453.26727720294,-0.181840299999999
République dominicaine,10513.104,24.102297622767445,66.86,2856.0,35.26,0.1913464907158706,0.4985043374214778,56,DOM,7412.71571571512,0.0918722
République démocratique populaire lao,6953.035,30.60531209497154,83.19,3044.0,10.91,0.005681818181818182,0.2394518571943743,120,LAO,2432.43059478511,0.2776591
République-Unie de Tanzanie,54660.339,63.16918503676806,59.75,2390.0,1.88,0.03893587434745937,0.15330543933054394,215,TZA,986.674011230469,-0.683829799999999
Saint-Kitts-et-Nevis,52.045,18.08549258065981,76.86,2517.0,55.77,0.56,0.6208691126723913,188,KNA,22464.9899633959,0.6612426
Saint-Vincent-et-les Grenadines,109.827,1.89545758183032,89.17,2962.0,72.31,0.39805825242718446,0.5374004710104295,191,VCT,7988.04445019298,0.7873576
Sainte-Lucie,180.954,15.456616197385289,86.25999999999999,2658.0,56.69,0.7761194029850746,0.6034083004869001,189,LCA,11333.1123822102,0.8668533
Samoa,195.352,11.979089043530097,85.7,2971.0,64.77,0.2023121387283237,0.6158693115519254,244,WSM,4307.59381964907,1.0690453
Sao Tomé-et-Principe,207.089,45.56873936820796,52.0,2417.0,9.47,0.24293785310734464,0.2755769230769231,193,STP,1555.79477812888,0.2145007
Sierra Leone,7488.423,63.33966689576843,55.66,2452.0,3.97,0.09524859442178371,0.21002515271289976,197,SLE,779.186007841728,-0.1470976
Slovaquie,5447.9,0.9017799082125035,62.25,2771.0,13.9,0.5379095586244246,0.5742971887550201,199,SVK,17645.5298716761,0.8542516
Slovénie,2076.394,4.461248759254948,98.28999999999999,3200.0,24.41,0.8930817610062893,0.544307661003154,198,SVN,23303.077705959,0.9455099
Sri Lanka,21128.032,12.517206005176066,64.27,2609.0,7.78,0.322608019234849,0.28286914579119343,38,LKA,4398.88828068715,-0.179121299999999
Suisse,8455.804,18.36627793119058,95.46,3414.0,15.72,0.38676093543625206,0.6056987219777918,211,CHE,82254.3769269767,1.1641565
Suriname,570.496,21.13753293881078,60.15,2694.0,31.06,0.2889908256880734,0.4066500415627598,207,SUR,6049.52128553675,0.1667453
Suède,9904.896,11.521025396210623,107.03,3214.0,16.6,0.47146505136884614,0.6099224516490703,210,SWE,53210.2233318965,0.8668924
Sénégal,15419.355,57.37674650077251,60.47,2611.0,4.76,0.41523165231652315,0.20158756408136266,195,SEN,1356.80518449031,-0.1422197
Tadjikistan,8880.268,42.85361758629392,55.379999999999995,2099.0,4.45,0.19109282342974707,0.24268689057421453,208,TJK,829.45714764957,-0.6533475
Tchad,15016.753,79.71966048378738,70.51,2092.0,0.45,0.030806020537347024,0.3077577648560488,39,TCD,854.46120040098,-1.36771589999999
Tchéquie,10641.034,3.4177106807188355,86.48,3275.0,21.96,0.31020289574354754,0.6075393154486586,167,CZE,20913.197632212,1.0199948
Thaïlande,69209.81,9.939484350791819,60.94,2826.0,12.95,0.06696967085990005,0.42385953396783727,216,THA,6413.09182530343,-0.984692599999999
Timor-Leste,1243.258,40.58184055017946,57.690000000000005,2142.0,4.24,0.34392523364485983,0.26954411509793724,176,TLS,1266.17771143471,0.0703179999999999
Togo,7698.474,56.33317507384653,57.31,2426.0,7.06,0.18945393914130887,0.15215494678066654,217,TGO,792.765700965864,-0.835878399999999
Trinité-et-Tobago,1384.059,9.225878800744658,84.66,3039.0,54.54,0.8197088465845465,0.48039215686274506,220,TTO,17566.0999700656,0.0748617
Tunisie,11433.443,17.76916777825273,98.97,3469.0,17.03,0.3748261013580656,0.2738203496008892,222,TUN,3619.03247319953,-0.7432926
Turkménistan,5757.667,27.491085847117446,92.83999999999999,2872.0,4.52,0.17369331028062243,0.4303102111158984,213,TKM,5828.4816623489,-0.2289187
Turquie,81116.45,28.2672377633756,101.2,3538.0,20.64,0.1135943436477783,0.35177865612648224,223,TUR,10756.3877677883,-1.70623179999999
Ukraine,44487.709,-8.907715733618847,86.15,3033.0,22.62,0.026365852208548837,0.4266976204294834,230,UKR,2604.28759765625,-1.590004
Uruguay,3436.641,3.5215149638405046,84.26,3151.0,9.12,0.21914414414414415,0.5275338238784714,234,URY,19184.6502617082,1.1129983
Vanuatu,285.51,54.35309127868,63.72,2623.0,11.66,0.11060948081264109,0.3954802259887006,155,VUT,3159.86055790126,0.8525004
Venezuela (République bolivarienne du),29402.484,21.53580501946765,56.300000000000004,2247.0,20.28,0.21825842696629214,0.4436944937833037,236,VEN,3791.33160682077,-1.38006459999999
Viet Nam,94600.648,18.38338162991827,90.03,2938.0,12.33,0.2144670157068063,0.4051982672442519,237,VNM,2956.10992127753,0.1500179
Yémen,27834.819,59.88686243586102,53.24,2062.0,8.53,0.6868698185077302,0.19797145003756572,249,YEM,811.165970405745,-2.7305026
Zambie,16853.599,61.8057758375045,59.06,2008.0,3.42,0.04312955233652509,0.1970877074161869,251,ZMB,1483.46577328065,-0.211101999999999
Zimbabwe,14236.595,19.821761217060796,51.199999999999996,2167.0,4.68,0.11774986346258876,0.22617187500000002,181,ZWE,3445.44941020134,-0.8348774
Égypte,96442.591,40.11390937363748,96.27,3315.0,12.96,0.21423758703012052,0.23880752051521761,59,EGY,2395.10333299491,-1.4711477
Émirats arabes unis,9487.203,202.71267766878896,107.26,3370.0,43.47,1.270538363713438,0.39203803841133694,225,ARE,43733.6192287435,0.7192871
Équateur,16785.361,32.36494118068251,65.77,2585.0,19.31,0.08962620747585048,0.444883685570929,58,ECU,6233.32244797718,-0.1273984
États-Unis d'Amérique,325084.756,15.396580542076208,113.61,3762.0,55.68,0.09944094109230062,0.6395563770794824,231,USA,59635.0984397965,0.1101294
Éthiopie,106399.924,60.664762405336816,65.64,2304.0,0.13,0.05311493018259936,0.08897014015843997,238,ETH,696.348429076216,-1.5195725
Îles Salomon,636.039,54.13148839238112,53.64,2410.0,4.45,0.12537917087967643,0.29399701715137955,25,SLB,2143.57670489272,0.1156377
